Date,Username,User tag,Content,Mentions,link
"2023-04-25,20:37:02","Matix Cubix","#0729","# Inicio sesión 37","",""
"2023-04-25,20:39:18","Matix Cubix","#0729","Suspendida en el aire, de esta ciudad que ahora sabes que mantiene un horror, vez como se aproxima esa niebla por la calles...","",""
"2023-04-25,20:39:23","Matix Cubix","#0729","Es misma niebla","",""
"2023-04-25,20:43:00","Matix Cubix","#0729","Realmente","",""
"2023-04-25,20:43:12","Matix Cubix","#0729","Sientes como ha cambiado el ambiente de la ciudad","",""
"2023-04-25,20:43:19","Matix Cubix","#0729","Ahora se siente mucho más opresivo","",""
"2023-04-25,20:43:37","Matix Cubix","#0729","Es como que algo intentara acercarse a ti de la distancia","",""
"2023-04-25,20:43:57","Matix Cubix","#0729","Como si de un macrofago","",""
"2023-04-25,20:43:59","Matix Cubix","#0729","Se tratase","",""
"2023-04-25,20:44:05","Matix Cubix","#0729","Aunque no sabes que es un macrofago","",""
"2023-04-25,20:44:09","Magdars","#7109","sigo el camino que siguió flint en el sueño","",""
"2023-04-25,20:44:13","Magdars","#7109","bien desde arriba","",""
"2023-04-25,20:44:36","Avrae","#6944","<@455883637452177429>  :game_die:
**Result**: 1d20 (5) + 2
**Total**: 7","Magdars#7109",""
"2023-04-25,20:44:56","Matix Cubix","#0729","No sabes muy bien hacia donde dirigirte","",""
"2023-04-25,20:45:00","Matix Cubix","#0729","Pero flint si sabe","",""
"2023-04-25,20:45:06","Matix Cubix","#0729","Aunque","",""
"2023-04-25,20:45:12","Matix Cubix","#0729","no quiere llevarte","",""
"2023-04-25,20:46:05","Magdars","#7109","le digo que tenemos que sacar a esa cosa de aquí","",""
"2023-04-25,20:46:14","Matix Cubix","#0729","Flint esta asustado","",""
"2023-04-25,20:46:30","Matix Cubix","#0729","Dice que es mejor no acercarse","",""
"2023-04-25,20:46:59","Matix Cubix","#0729","o crees que eso quiere comunicar","",""
"2023-04-25,20:46:59","Magdars","#7109","le digo que si no nos va a atacar cuando vengamos con los demás","",""
"2023-04-25,20:47:41","Matix Cubix","#0729","No volvamos","",""
"2023-04-25,20:47:56","Magdars","#7109","tenemos que reparar el contenedor del esferón","",""
"2023-04-25,20:47:58","Magdars","#7109","no tenemos opción","",""
"2023-04-25,20:48:41","Avrae","#6944","<@455883637452177429>  :game_die:
**Result**: 1d20 (16) + 5
**Total**: 21","Magdars#7109",""
"2023-04-25,20:48:56","Matix Cubix","#0729","Flint: ...","",""
"2023-04-25,20:49:03","Matix Cubix","#0729","Te da a entender que tienes razón","",""
"2023-04-25,20:49:18","Matix Cubix","#0729","Y procede a mostrarte donde fue que el fue la otra vez","",""
"2023-04-25,20:49:54","Magdars","#7109","voy","",""
"2023-04-25,20:51:59","Matix Cubix","#0729","Vas flotando por los cielos de la ciudad","",""
"2023-04-25,20:52:16","Matix Cubix","#0729","La calles de esta misma ya se encuentran pobladas de esta espesa neblina","",""
"2023-04-25,20:52:40","Matix Cubix","#0729","A veces ves sombras moverse en estas","",""
"2023-04-25,20:53:01","Matix Cubix","#0729","O que oscilan lentamente.","",""
"2023-04-25,20:53:19","Matix Cubix","#0729","En las torres asediadas de la ciudad","",""
"2023-04-25,20:53:22","Matix Cubix","#0729","Puedes ver cuerpos","",""
"2023-04-25,20:53:28","Matix Cubix","#0729","Tirados en el piso","",""
"2023-04-25,20:53:30","Matix Cubix","#0729","O esqueletos","",""
"2023-04-25,20:53:54","Matix Cubix","#0729","Notas que el camino que te lleva flint","",""
"2023-04-25,20:54:03","Matix Cubix","#0729","Es escencialemente de donde parece salir la niebla","",""
"2023-04-25,20:54:22","Matix Cubix","#0729","Despues de un rato que tiendes el vuelo","",""
"2023-04-25,20:54:29","Matix Cubix","#0729","Puedes reconocer el lugaar del sueño","",""
"2023-04-25,20:54:35","Matix Cubix","#0729","Un callejón","",""
"2023-04-25,20:54:48","Matix Cubix","#0729","Estrecho quizas","",""
"2023-04-25,20:54:56","Matix Cubix","#0729","Pero sin dudas parece que ese es elugar","",""
"2023-04-25,20:55:04","Magdars","#7109","voy","",""
"2023-04-25,20:55:05","Matix Cubix","#0729","Te atreves a adentrarte?","",""
"2023-04-25,20:55:22","Matix Cubix","#0729","Pues te adentras en ese callejon","",""
"2023-04-25,20:55:29","Matix Cubix","#0729","Que como forma de boca tuviera","",""
"2023-04-25,20:55:38","Matix Cubix","#0729","La niebla es espesa","",""
"2023-04-25,20:55:44","Matix Cubix","#0729","Y ya te encuentras al nivel del piso","",""
"2023-04-25,20:56:01","Matix Cubix","#0729","Parecería ser que tu forma gaseosa se mezcla bien con la misma niebla.","",""
"2023-04-25,20:56:14","Matix Cubix","#0729","Hazme una tirada de stealth con ventaja","",""
"2023-04-25,20:56:48","Avrae","#6944","<@455883637452177429>  :game_die:
**Result**: 2d20kh1 (~~18~~, **20**) + 1
**Total**: 21","Magdars#7109",""
"2023-04-25,20:57:21","Matix Cubix","#0729","Te mezclas con la niebla","",""
"2023-04-25,20:57:41","Matix Cubix","#0729","Y logras ver al final la misma entrada que vio flint","",""
"2023-04-25,20:57:46","Matix Cubix","#0729","Una escalera","",""
"2023-04-25,20:57:51","Matix Cubix","#0729","en diagonal","",""
"2023-04-25,20:58:16","Matix Cubix","#0729","Te adentras","",""
"2023-04-25,20:58:28","Matix Cubix","#0729","Vas bajando lentamente","",""
"2023-04-25,21:25:28","Matix Cubix","#0729","Escuchas la tierra moverse","",""
"2023-04-25,21:25:55","Matix Cubix","#0729","Y como emerge una onda opresiva","",""
"2023-04-25,21:26:15","Matix Cubix","#0729","...","",""
"2023-04-25,21:26:23","Matix Cubix","#0729","Despues de un rato de bajar","",""
"2023-04-25,21:26:37","Matix Cubix","#0729","Notas que llegas a un tipo de cloacas","",""
"2023-04-25,21:26:51","Matix Cubix","#0729","Donde escurre el agua","",""
"2023-04-25,21:27:05","Matix Cubix","#0729","Sale un olor pútrido","",""
"2023-04-25,21:31:48","Matix Cubix","#0729","Llegas a un lugar que parece terminar la bajada de las escaleras","",""
"2023-04-25,21:31:56","Matix Cubix","#0729","A un costado hay unas varandas","",""
"2023-04-25,21:32:07","Matix Cubix","#0729","Donde más abajo parecen estar las cloacas","",""
"2023-04-25,21:32:12","Matix Cubix","#0729","Donde escurre el agua","",""
"2023-04-25,21:32:17","Matix Cubix","#0729","Parecen haber varios aqueductos","",""
"2023-04-25,21:32:28","Matix Cubix","#0729","La espesa niebla rodea todo el lugar","",""
"2023-04-25,21:33:19","Matix Cubix","#0729","Existen 3 conductos más abajos","",""
"2023-04-25,21:33:28","Matix Cubix","#0729","Unidos por una escalera que lleva al nivel del agua","",""
"2023-04-25,21:33:33","Matix Cubix","#0729","Que parece estar estancada","",""
"2023-04-25,21:33:55","Matix Cubix","#0729","Parece que el camino se separa en 3","",""
"2023-04-25,21:34:50","Magdars","#7109","quiero seguir a flint","",""
"2023-04-25,21:34:54","Magdars","#7109","y hacer el recorrido que hizo el","",""
"2023-04-25,21:35:32","Matix Cubix","#0729","El camino que parece que recorrio flint fue el de al frente","",""
"2023-04-25,21:35:37","Matix Cubix","#0729","Pasado el canal","",""
"2023-04-25,21:35:48","Magdars","#7109","sigo ese camino entonces","",""
"2023-04-25,21:35:48","Matix Cubix","#0729","Tomo el derecho","",""
"2023-04-25,21:36:03","Matix Cubix","#0729","Te dificulta mucho ver","",""
"2023-04-25,21:36:13","Matix Cubix","#0729","Gracias a flint puedes er un poco mejor","",""
"2023-04-25,21:36:36","Matix Cubix","#0729","Tomas ese camino.","",""
"2023-04-25,21:36:58","Matix Cubix","#0729","Parece ser un tunel largo","",""
"2023-04-25,21:37:42","Matix Cubix","#0729","Escuchas sonidos más adelante","",""
"2023-04-25,21:38:00","Magdars","#7109","me apego al techo y sigo","",""
"2023-04-25,21:38:24","Matix Cubix","#0729","Ves una silueta oscura","",""
"2023-04-25,21:38:27","Matix Cubix","#0729","Pasar","",""
"2023-04-25,21:38:31","Matix Cubix","#0729","Por debajo","",""
"2023-04-25,21:38:45","Matix Cubix","#0729","A primera impresión","",""
"2023-04-25,21:38:51","Matix Cubix","#0729","Parece tener forma humanoide","",""
"2023-04-25,21:39:06","Matix Cubix","#0729","Sigue su camino","",""
"2023-04-25,21:39:11","Matix Cubix","#0729","No logars ver muy bien","",""
"2023-04-25,21:40:56","Matix Cubix","#0729","En cierto instante","",""
"2023-04-25,21:41:06","Matix Cubix","#0729","Ves que el tunel se parte en dos","",""
"2023-04-25,21:41:21","Matix Cubix","#0729","Y parece abrirse","",""
"2023-04-25,21:41:31","Matix Cubix","#0729","Hacia un sector mucho más amplio","",""
"2023-04-25,21:41:38","Matix Cubix","#0729","Donde hay agua estancada","",""
"2023-04-25,21:41:49","Matix Cubix","#0729","En grandes cantidades","",""
"2023-04-25,21:42:08","Matix Cubix","#0729","Esta bien oscuro","",""
"2023-04-25,21:42:45","Matix Cubix","#0729","Flint parece que tomo un camino hacia la derecha","",""
"2023-04-25,21:42:53","Matix Cubix","#0729","Pero no había agua antes","",""
"2023-04-25,21:43:16","Matix Cubix","#0729","Avanzas por la niebla","",""
"2023-04-25,21:43:20","Matix Cubix","#0729","Y el agua en el suelo","",""
"2023-04-25,21:43:30","Matix Cubix","#0729","Sientes que hay cosas en el agua","",""
"2023-04-25,21:43:38","Matix Cubix","#0729","Y a veces salen burbujas","",""
"2023-04-25,21:44:28","Matix Cubix","#0729","Notas que unas burbujas esta lentamente acercandose a ti","",""
"2023-04-25,21:44:45","Magdars","#7109","desde abajo_","",""
"2023-04-25,21:44:47","Magdars","#7109","?","",""
"2023-04-25,21:44:48","Matix Cubix","#0729","Si","",""
"2023-04-25,21:44:51","Matix Cubix","#0729","Que haces?","",""
"2023-04-25,21:44:57","Magdars","#7109","la esquivo","",""
"2023-04-25,21:45:12","Matix Cubix","#0729","Las burbujas siguen el camino","",""
"2023-04-25,21:45:18","Matix Cubix","#0729","Pero en cierto instante se detienen","",""
"2023-04-25,21:45:28","Matix Cubix","#0729","Y se vuelcan nuevamente hacia ti","",""
"2023-04-25,21:45:38","Matix Cubix","#0729","En ese entonces","",""
"2023-04-25,21:45:43","Matix Cubix","#0729","Parece salir algo del agua","",""
"2023-04-25,21:45:50","Matix Cubix","#0729","Al notar un poco","",""
"2023-04-25,21:45:54","Matix Cubix","#0729","Parece ser un cerebro","",""
"2023-04-25,21:46:02","Magdars","#7109","es el mismo?","",""
"2023-04-25,21:46:11","Matix Cubix","#0729","No","",""
"2023-04-25,21:46:16","Matix Cubix","#0729","Este parece ser más pequeño","",""
"2023-04-25,21:46:26","Matix Cubix","#0729","Y sigue acercandose","",""
"2023-04-25,21:46:36","Matix Cubix","#0729","Haces ago?","",""
"2023-04-25,21:46:41","Magdars","#7109","me alejo","",""
"2023-04-25,21:46:49","Magdars","#7109","si puedo entro por alguna ranura que haya en el techo","",""
"2023-04-25,21:46:52","Magdars","#7109","para perderlo","",""
"2023-04-25,21:46:58","Magdars","#7109","o paso por algún espacio por el que no quepa","",""
"2023-04-25,21:47:19","Matix Cubix","#0729","Tirame por iniciativa","",""
"2023-04-25,21:47:32","Avrae","#6944","<@455883637452177429>  :game_die:
**Result**: 1d20 (17) + 1
**Total**: 18","Magdars#7109",""
"2023-04-25,21:47:45","Matix Cubix","#0729","Tu turno","",""
"2023-04-25,21:47:54","Matix Cubix","#0729","Te alejas en que sentido?","",""
"2023-04-25,21:48:05","Magdars","#7109","la cosa está abajo mío?","",""
"2023-04-25,21:48:13","Matix Cubix","#0729","esta a 30 pies tuyos","",""
"2023-04-25,21:49:02","Magdars","#7109","sigo la dirección hacia la que quería ir","",""
"2023-04-25,21:49:09","Magdars","#7109","buscando algún lugar donde me pueda meter","",""
"2023-04-25,21:49:14","Magdars","#7109","tal que el cerebro no quepa","",""
"2023-04-25,21:50:28","Matix Cubix","#0729","Te encuentras a 100 pies en el techo","",""
"2023-04-25,21:50:52","Matix Cubix","#0729","Avanzas por el camino mientras vez como el cerebro te sigue por el suelo","",""
"2023-04-25,21:51:44","Avrae","#6944","<@455883637452177429>  :game_die:
**Result**: 2d20kl1 (2, ~~10~~) + 8
**Total**: 10","Magdars#7109",""
"2023-04-25,21:52:27","Avrae","#6944","<@455883637452177429>  :game_die:
**Result**: 1d20 (2) + 5
**Total**: 7","Magdars#7109",""
"2023-04-25,21:52:50","Matix Cubix","#0729","Ciertamente no sabes lo que es, pero no es parecido a lo que viste con Flint, tampoco sabes como es posible que te pueda ver.","",""
"2023-04-25,21:53:12","Matix Cubix","#0729","Continuas avanzando","",""
"2023-04-25,21:53:15","Matix Cubix","#0729","Eventualmente","",""
"2023-04-25,21:53:41","Matix Cubix","#0729","Parecería que el cerebro se detiene","",""
"2023-04-25,21:53:46","Matix Cubix","#0729","Y se empieza a devolver.","",""
"2023-04-25,21:54:51","Matix Cubix","#0729","Ves más siluetas","",""
"2023-04-25,21:54:59","Matix Cubix","#0729","Humanoides","",""
"2023-04-25,21:55:05","Magdars","#7109","en el agua=","",""
"2023-04-25,21:55:06","Magdars","#7109","?","",""
"2023-04-25,21:55:06","Matix Cubix","#0729","Llendo en tu dirección opuesta","",""
"2023-04-25,21:55:08","Matix Cubix","#0729","Si","",""
"2023-04-25,21:55:25","Matix Cubix","#0729","Las escuchas","",""
"2023-04-25,21:55:30","Matix Cubix","#0729","Hablar","",""
"2023-04-25,21:55:36","Matix Cubix","#0729","En un idioma que desconoces","",""
"2023-04-25,21:55:59","Magdars","#7109","intento recordar algún sonido que se repita harto","",""
"2023-04-25,21:56:13","Matix Cubix","#0729","Mmmh","",""
"2023-04-25,21:56:15","Magdars","#7109","de lo que dicen","",""
"2023-04-25,21:56:15","Matix Cubix","#0729","Su idioma","",""
"2023-04-25,21:56:20","Matix Cubix","#0729","Es bien caótico","",""
"2023-04-25,21:56:28","Matix Cubix","#0729","Tiene demasiadas consonantes","",""
"2023-04-25,21:56:39","Matix Cubix","#0729","Y parecen ser más golpes","",""
"2023-04-25,21:56:41","Matix Cubix","#0729","Que palabras","",""
"2023-04-25,21:57:07","Matix Cubix","#0729","Puedes hacerme una tirada de inteligencia","",""
"2023-04-25,21:57:12","Matix Cubix","#0729","Para ver si encuentras un patrón","",""
"2023-04-25,21:57:19","Matix Cubix","#0729","En ese lenguaje tan extraño","",""
"2023-04-25,21:57:23","Magdars","#7109","investigación?","",""
"2023-04-25,21:57:29","Matix Cubix","#0729","Claro","",""
"2023-04-25,21:57:31","Avrae","#6944","<@455883637452177429>  :game_die:
**Result**: 1d20 (18) + 8
**Total**: 26","Magdars#7109",""
"2023-04-25,21:57:36","Matix Cubix","#0729","Ciertamente","",""
"2023-04-25,21:57:46","Matix Cubix","#0729","Ves que lo común es ese caos","",""
"2023-04-25,21:57:57","Matix Cubix","#0729","Reconoces que tiene una cierta estructura","",""
"2023-04-25,21:58:09","Matix Cubix","#0729","Pero que desconoces su  raíz","",""
"2023-04-25,21:58:13","Matix Cubix","#0729","Puedes repetirla","",""
"2023-04-25,21:58:16","Matix Cubix","#0729","Y esperar algo","",""
"2023-04-25,21:58:37","Magdars","#7109","repetirla'","",""
"2023-04-25,21:58:38","Magdars","#7109","?","",""
"2023-04-25,21:58:43","Matix Cubix","#0729","Si","",""
"2023-04-25,21:58:48","Magdars","#7109","no entiendo","",""
"2023-04-25,21:58:53","Matix Cubix","#0729","Sigo imitarla","",""
"2023-04-25,21:58:58","Matix Cubix","#0729","Con menor ilusi6","",""
"2023-04-25,21:59:03","Matix Cubix","#0729","Si quisiesen","",""
"2023-04-25,21:59:07","Matix Cubix","#0729","Quicieses","",""
"2023-04-25,21:59:09","Magdars","#7109","ya genial","",""
"2023-04-25,22:00:16","Matix Cubix","#0729","Continuas","",""
"2023-04-25,22:00:25","Matix Cubix","#0729","Llegas a lo que parece ser","",""
"2023-04-25,22:01:00","Matix Cubix","#0729","Una entrada","",""
"2023-04-25,22:01:05","Matix Cubix","#0729","En forma piramidal","",""
"2023-04-25,22:01:11","Matix Cubix","#0729","Invertida","",""
"2023-04-25,22:01:39","Matix Cubix","#0729","Luces verdes y tenues rodean el lugar","",""
"2023-04-25,22:02:01","Matix Cubix","#0729","Es","",""
"2023-04-25,22:02:12","Matix Cubix","#0729","Algo que resalta claramente","",""
"2023-04-25,22:02:17","Matix Cubix","#0729","De la arquitectura enana","",""
"2023-04-25,22:02:27","Magdars","#7109","no es enano?","",""
"2023-04-25,22:02:30","Matix Cubix","#0729","Las esquinas","",""
"2023-04-25,22:02:35","Matix Cubix","#0729","Son distintas","",""
"2023-04-25,22:02:43","Matix Cubix","#0729","Y tiene formas mucjo más intrincadas","",""
"2023-04-25,22:02:53","Matix Cubix","#0729","Y de color más oscuro","",""
"2023-04-25,22:03:15","Matix Cubix","#0729","Ahora es cuando notas que","",""
"2023-04-25,22:03:22","Matix Cubix","#0729","Esta gran piscina","",""
"2023-04-25,22:03:30","Matix Cubix","#0729","Su piso","",""
"2023-04-25,22:03:37","Matix Cubix","#0729","Parecería estar hecho de este material","",""
"2023-04-25,22:03:45","Matix Cubix","#0729","Solo por la luz también notas","",""
"2023-04-25,22:03:54","Matix Cubix","#0729","Cadenas que cuelgan del piso","",""
"2023-04-25,22:04:09","Matix Cubix","#0729","Atadas al piso digo","",""
"2023-04-25,22:04:17","Magdars","#7109","cómo están las cadenas?","",""
"2023-04-25,22:04:28","Matix Cubix","#0729","Tensas","",""
"2023-04-25,22:04:37","Matix Cubix","#0729","Que si estuvieran sosteniendo el piso mismo","",""
"2023-04-25,22:04:43","Magdars","#7109","no digo, de dónde salen y qué sostienen?","",""
"2023-04-25,22:04:46","Matix Cubix","#0729","Todo este lugar","",""
"2023-04-25,22:05:10","Matix Cubix","#0729","Parecen venir del techo","",""
"2023-04-25,22:05:47","Matix Cubix","#0729","Y las cadenas parecerían salir de un mecanismo que no conoces del techo","",""
"2023-04-25,22:06:23","Magdars","#7109","busco al cerebro","",""
"2023-04-25,22:06:37","Matix Cubix","#0729","Parece venir de la entrada piramidal","",""
"2023-04-25,22:06:51","Matix Cubix","#0729","En la entrada hay dos figuras","",""
"2023-04-25,22:07:00","Matix Cubix","#0729","Parecen resguardarla","",""
"2023-04-25,22:07:33","Matix Cubix","#0729","Tendras que pasar","",""
"2023-04-25,22:07:35","Matix Cubix","#0729","Por ellos","",""
"2023-04-25,22:08:05","Magdars","#7109","qué tan alta es la entrada?","",""
"2023-04-25,22:08:22","Matix Cubix","#0729","Bien alta","",""
"2023-04-25,22:08:31","Magdars","#7109","paso lo más arriba posible","",""
"2023-04-25,22:08:56","Matix Cubix","#0729","Entras por lo más arriba posible.","",""
"2023-04-25,22:09:15","Matix Cubix","#0729","...","",""
"2023-04-25,22:09:22","Matix Cubix","#0729","Es un camino","",""
"2023-04-25,22:09:24","Matix Cubix","#0729","Descendente","",""
"2023-04-25,22:09:27","Matix Cubix","#0729","Escuchas","",""
"2023-04-25,22:09:34","Matix Cubix","#0729","Gritos inteligibles","",""
"2023-04-25,22:09:38","Matix Cubix","#0729","Venir de ahí abajo","",""
"2023-04-25,22:09:42","Magdars","#7109","personas?","",""
"2023-04-25,22:09:45","Matix Cubix","#0729","Y maquinaria","",""
"2023-04-25,22:09:47","Matix Cubix","#0729","Si","",""
"2023-04-25,22:09:53","Matix Cubix","#0729","O lo que fue de una...","",""
"2023-04-25,22:10:01","Magdars","#7109","lo escuchó flint antes?","",""
"2023-04-25,22:10:04","Matix Cubix","#0729","Si","",""
"2023-04-25,22:10:08","Magdars","#7109","voy","",""
"2023-04-25,22:10:27","Matix Cubix","#0729","Empiezas descendiendo...","",""
"2023-04-25,22:10:39","Matix Cubix","#0729","Las escaleras metalicas","",""
"2023-04-25,22:10:49","Matix Cubix","#0729","Las esquinas son raras","",""
"2023-04-25,22:11:04","Matix Cubix","#0729","Parecen existir varias aperturas","",""
"2023-04-25,22:11:09","Matix Cubix","#0729","Por los cuales puedes pasar","",""
"2023-04-25,22:12:00","Matix Cubix","#0729","Parece ser","",""
"2023-04-25,22:12:11","Matix Cubix","#0729","Algo demasiado confuso para ti","",""
"2023-04-25,22:12:13","Matix Cubix","#0729","El lugar","",""
"2023-04-25,22:12:27","Matix Cubix","#0729","Es como fuera de lugar y tiempo","",""
"2023-04-25,22:12:40","Matix Cubix","#0729","Si las edificaciones enanas se asentaron en el tiempo pasado","",""
"2023-04-25,22:12:51","Matix Cubix","#0729","Esto parece ser de un tiempo del cual todavia no has visto","",""
"2023-04-25,22:13:19","Matix Cubix","#0729","(O quizás si?)","",""
"2023-04-25,22:13:40","Magdars","#7109","sigo hacia donde me lleve flint","",""
"2023-04-25,22:14:09","Matix Cubix","#0729","Sigues a flint","",""
"2023-04-25,22:14:31","Matix Cubix","#0729","Entras a lo que parece ser","",""
"2023-04-25,22:14:34","Matix Cubix","#0729","Una máquina viva","",""
"2023-04-25,22:14:39","Matix Cubix","#0729","Pero de perdicion","",""
"2023-04-25,22:14:43","Matix Cubix","#0729","Y horror.","",""
"2023-04-25,22:14:58","Matix Cubix","#0729","Hay cadaveres colgando...","",""
"2023-04-25,22:15:05","Matix Cubix","#0729","Cuerpos por todas partes","",""
"2023-04-25,22:15:08","Matix Cubix","#0729","Recolectados","",""
"2023-04-25,22:15:11","Matix Cubix","#0729","O procesados","",""
"2023-04-25,22:15:12","Matix Cubix","#0729","En tubos","",""
"2023-04-25,22:15:20","Magdars","#7109","son enanos?","",""
"2023-04-25,22:15:32","Matix Cubix","#0729","Al inspeccionar de mejor manera","",""
"2023-04-25,22:15:39","Matix Cubix","#0729","Te das cuenta que efectivamente","",""
"2023-04-25,22:15:41","Matix Cubix","#0729","Son enanos","",""
"2023-04-25,22:15:46","Matix Cubix","#0729","Duergar.","",""
"2023-04-25,22:15:49","Matix Cubix","#0729","En realidad","",""
"2023-04-25,22:16:16","Magdars","#7109","se parecen a los gritos que venían del árbol que vi cuando pasamos por la cueva del viento?","",""
"2023-04-25,22:16:31","Matix Cubix","#0729","No","",""
"2023-04-25,22:17:28","Matix Cubix","#0729","Hay","",""
"2023-04-25,22:17:32","Matix Cubix","#0729","Una enorme de cantidad","",""
"2023-04-25,22:17:34","Matix Cubix","#0729","De cosas","",""
"2023-04-25,22:17:50","Matix Cubix","#0729","...","",""
"2023-04-25,22:17:55","Magdars","#7109","cosas?","",""
"2023-04-25,22:18:08","Matix Cubix","#0729","Instrumentos","",""
"2023-04-25,22:18:13","Matix Cubix","#0729","Mesas de experimentos","",""
"2023-04-25,22:18:18","Matix Cubix","#0729","Cadaveres diseccionados","",""
"2023-04-25,22:18:21","Matix Cubix","#0729","Organos","",""
"2023-04-25,22:18:27","Matix Cubix","#0729","Mutilaciones","",""
"2023-04-25,22:18:35","Matix Cubix","#0729","Combinaciones de cuerpos","",""
"2023-04-25,22:18:45","Matix Cubix","#0729","Cuerpos desmebrados que parecen estar vivos.","",""
"2023-04-25,22:18:53","Matix Cubix","#0729","Algunos por si mismos","",""
"2023-04-25,22:18:59","Matix Cubix","#0729","Otros por medio de electricidad","",""
"2023-04-25,22:19:24","Matix Cubix","#0729","Hay piscinas","",""
"2023-04-25,22:19:25","Matix Cubix","#0729","De sangre","",""
"2023-04-25,22:19:42","Matix Cubix","#0729","Tubos con duergar y otros seres desnudos","",""
"2023-04-25,22:19:48","Matix Cubix","#0729","Gnomos","",""
"2023-04-25,22:19:53","Matix Cubix","#0729","En statsis","",""
"2023-04-25,22:20:08","Matix Cubix","#0729","Pero mayormente duergar","",""
"2023-04-25,22:20:21","Matix Cubix","#0729","No hay ningun enano","",""
"2023-04-25,22:20:55","Matix Cubix","#0729","Parecen haber personas en camillas","",""
"2023-04-25,22:21:04","Matix Cubix","#0729","Gnomos y algunos duergar","",""
"2023-04-25,22:21:10","Matix Cubix","#0729","Que parecen no estar vivos ni muertos","",""
"2023-04-25,22:21:15","Matix Cubix","#0729","Y parecen estar intactos","",""
"2023-04-25,22:21:26","Matix Cubix","#0729","Tambien...","",""
"2023-04-25,22:21:32","Matix Cubix","#0729","Puedes ver una jaula","",""
"2023-04-25,22:21:37","Matix Cubix","#0729","Donde hay unas criaturas","",""
"2023-04-25,22:21:44","Matix Cubix","#0729","De forma de cerebro","",""
"2023-04-25,22:21:47","Matix Cubix","#0729","Con pies","",""
"2023-04-25,22:21:53","Matix Cubix","#0729","Parecen estar algo alteradas","",""
"2023-04-25,22:22:10","Matix Cubix","#0729","Y estan tratando de salir de la jaula","",""
"2023-04-25,22:23:08","Matix Cubix","#0729","En ese momento","",""
"2023-04-25,22:23:14","Matix Cubix","#0729","Sientes que una presencia inunda tu mente","",""
"2023-04-25,22:23:35","Matix Cubix","#0729","""Que tal mi pequeño Hogar Nia? Qué os Parece?""","",""
"2023-04-25,22:25:49","Magdars","#7109","Leena solo sigue","",""
"2023-04-25,22:25:52","Magdars","#7109","a banishearlo","",""
"2023-04-25,22:27:45","Matix Cubix","#0729","""Vamos, realmente quieres desaparecerme de este lugar??""","",""
"2023-04-25,22:28:14","Matix Cubix","#0729","""Crees que vas a solucionar todos tus problemas?""","",""
"2023-04-25,22:28:24","Matix Cubix","#0729","""Crees que vas a siquiera poder""?","",""
"2023-04-25,22:28:42","Matix Cubix","#0729","""De hecho""","",""
"2023-04-25,22:28:46","Matix Cubix","#0729","""No puedes...""","",""
"2023-04-25,22:29:50","Matix Cubix","#0729","Llegas a una habitacione","",""
"2023-04-25,22:29:54","Matix Cubix","#0729","Donde paso flint","",""
"2023-04-25,22:30:02","Matix Cubix","#0729","Está repleto de capsulas","",""
"2023-04-25,22:30:06","Matix Cubix","#0729","Con figuras","",""
"2023-04-25,22:30:20","Matix Cubix","#0729","""Ya los has visto no es cierto?""","",""
"2023-04-25,22:30:25","Matix Cubix","#0729","""No son maravillosos?!""","",""
"2023-04-25,22:30:46","Matix Cubix","#0729","""Siento que hayan tenido un poco de hambre al verte""","",""
"2023-04-25,22:30:57","Matix Cubix","#0729","""Fueron mal usados por los Duergar...""","",""
"2023-04-25,22:31:14","Matix Cubix","#0729","""Su uso es mucho mayor que ser simples bestias...""","",""
"2023-04-25,22:31:48","Matix Cubix","#0729","""Los Duergar... que terrible""","",""
"2023-04-25,22:31:55","Matix Cubix","#0729","""Me dan asco""","",""
"2023-04-25,22:32:07","Matix Cubix","#0729","""No es cierto Leena?""","",""
"2023-04-25,22:32:34","Matix Cubix","#0729","Avanzas por los pasillos","",""
"2023-04-25,22:32:40","Matix Cubix","#0729","Repletos de asechadores","",""
"2023-04-25,22:32:44","Matix Cubix","#0729","Todavía en estado prematuro","",""
"2023-04-25,22:33:41","Matix Cubix","#0729","""Acercate a mi""","",""
"2023-04-25,22:33:48","Matix Cubix","#0729","""Para que podamos hablar en persona""","",""
"2023-04-25,22:34:07","Matix Cubix","#0729","""No me comeré nuevamente a Flint, no te preocupes""","",""
"2023-04-25,22:34:31","Magdars","#7109","voy","",""
"2023-04-25,22:34:57","Matix Cubix","#0729","""No podras hacer nada, no te preocupes, es inevitable""","",""
"2023-04-25,22:35:15","Matix Cubix","#0729","Subes unas escaleras","",""
"2023-04-25,22:36:22","Matix Cubix","#0729","Las puertas","",""
"2023-04-25,22:36:25","Matix Cubix","#0729","Metalicas se abren","",""
"2023-04-25,22:36:31","Matix Cubix","#0729","Y hay un pasillo largo","",""
"2023-04-25,22:36:40","Matix Cubix","#0729","Por donde pasó flint","",""
"2023-04-25,22:37:14","Matix Cubix","#0729","Eventualmente al final","",""
"2023-04-25,22:37:21","Matix Cubix","#0729","Ves la piscina","",""
"2023-04-25,22:37:27","Matix Cubix","#0729","Con agua rojiza","",""
"2023-04-25,22:37:32","Matix Cubix","#0729","La que llegó flint","",""
"2023-04-25,22:37:39","Matix Cubix","#0729","...","",""
"2023-04-25,22:37:43","Matix Cubix","#0729","A los costados","",""
"2023-04-25,22:37:48","Matix Cubix","#0729","Ves dos figuras","",""
"2023-04-25,22:37:50","Matix Cubix","#0729","Altas.","",""
"2023-04-25,22:37:55","Magdars","#7109","vivas","",""
"2023-04-25,22:37:56","Magdars","#7109","?","",""
"2023-04-25,22:40:20","Matix Cubix","#0729","Si","",""
"2023-04-25,22:40:23","Matix Cubix","#0729","","","https://cdn.discordapp.com/attachments/851234742182477824/1100612310197878864/image.png"
"2023-04-25,22:40:38","Matix Cubix","#0729","Son dos","",""
"2023-04-25,22:40:41","Matix Cubix","#0729","Parados","",""
"2023-04-25,22:40:55","Matix Cubix","#0729","Entras","",""
"2023-04-25,22:41:02","Matix Cubix","#0729","Los dos te quedan mirando","",""
"2023-04-25,22:41:20","Matix Cubix","#0729","""Estos ya son algo un poco más maduros que los demas que has vistos""","",""
"2023-04-25,22:41:26","Matix Cubix","#0729","""Son un poco más capaces""","",""
"2023-04-25,22:41:36","Matix Cubix","#0729","""Esto si los alimentas bien""...","",""
"2023-04-25,22:41:54","Matix Cubix","#0729","""Si los dejas muriendo de hambre tienes esas otras cosas...""","",""
"2023-04-25,22:42:13","Matix Cubix","#0729","""Son hermosos.""","",""
"2023-04-25,22:42:27","Matix Cubix","#0729","En ese entonces","",""
"2023-04-25,22:42:30","Matix Cubix","#0729","Del agua","",""
"2023-04-25,22:42:32","Matix Cubix","#0729","Sale","",""
"2023-04-25,22:42:50","Matix Cubix","#0729","","","https://cdn.discordapp.com/attachments/851234742182477824/1100612929751101530/image.png"
"2023-04-25,22:43:12","Matix Cubix","#0729","""Soy un mero artista Nia""","",""
"2023-04-25,22:43:56","Matix Cubix","#0729","""Los duergar","",""
"2023-04-25,22:44:01","Matix Cubix","#0729","""No entienden el arte""","",""
"2023-04-25,22:44:05","Matix Cubix","#0729","""Me imagino que tu si""","",""
"2023-04-25,22:44:10","Matix Cubix","#0729","""Al ser un ser superior tambien...""","",""
"2023-04-25,22:44:28","Matix Cubix","#0729","""Podría consumirte ahora mismo""","",""
"2023-04-25,22:44:37","Matix Cubix","#0729","""Pero veo que no eres cualquier cosa""","",""
"2023-04-25,22:45:03","Magdars","#7109","qué quieres?","",""
"2023-04-25,22:45:16","Matix Cubix","#0729","""Destruir a los Duergar""","",""
"2023-04-25,22:45:28","Matix Cubix","#0729","""Lo mismo que tu""","",""
"2023-04-25,22:45:36","Magdars","#7109","y después?","",""
"2023-04-25,22:45:53","Matix Cubix","#0729","""Pues, no te voy a mentir""","",""
"2023-04-25,22:45:58","Matix Cubix","#0729","""Consumir sus cuerpos""","",""
"2023-04-25,22:46:18","Matix Cubix","#0729","""Tendría los suficiente""","",""
"2023-04-25,22:46:30","Magdars","#7109","y luego de destruir a los duergar y consumir sus cuerpos?","",""
"2023-04-25,22:47:14","Matix Cubix","#0729","""Elevar el poder de mis creaciones""","",""
"2023-04-25,22:47:22","Matix Cubix","#0729","""A tal punto que podamos salir de esta realidad""","",""
"2023-04-25,22:48:00","Magdars","#7109","estás atrapado aquí?","",""
"2023-04-25,22:48:05","Matix Cubix","#0729","""Claro""","",""
"2023-04-25,22:48:43","Matix Cubix","#0729","""Estoy atrapado sin cuerpo y sin mis poderes, solo tengo la capacidad de crearlos""","",""
"2023-04-25,22:48:49","Matix Cubix","#0729","""Para volver a elevarlos...""","",""
"2023-04-25,22:49:21","Matix Cubix","#0729","""Verás","",""
"2023-04-25,22:49:25","Matix Cubix","#0729","""Necesito tu ayuda""","",""
"2023-04-25,22:49:32","Magdars","#7109","...","",""
"2023-04-25,22:49:55","Matix Cubix","#0729","""Se que requieres una forja y te la puedo facilitar","",""
"2023-04-25,22:50:08","Matix Cubix","#0729","""He inclusive te puedo armar un carruaje""","",""
"2023-04-25,22:50:18","Matix Cubix","#0729","""Con los mios...""","",""
"2023-04-25,22:50:52","Matix Cubix","#0729","""Te puedo incluso dar el camino a Gracklastugh""","",""
"2023-04-25,22:51:04","Matix Cubix","#0729","""Pero, necesito que hagas algo por mi...""","",""
"2023-04-25,22:51:34","Magdars","#7109","qué cosa?","",""
"2023-04-25,22:52:56","Matix Cubix","#0729","Necesito que hagas dos cosas por mi en la ciudad Duergar...","",""
"2023-04-25,22:53:40","Matix Cubix","#0729","Verás, la ciudad tiene un gran complejo que filtra el agua que viene del lago.","",""
"2023-04-25,22:54:02","Matix Cubix","#0729","Necesito que, pongas algo al agua...","",""
"2023-04-25,22:54:07","Matix Cubix","#0729","Este frasco.","",""
"2023-04-25,22:54:13","Matix Cubix","#0729","Extiende un tentaculo","",""
"2023-04-25,22:54:21","Matix Cubix","#0729","Y es un frasco que parece agua normal y corriente.","",""
"2023-04-25,22:54:34","Matix Cubix","#0729","""Estó será suficiente""","",""
"2023-04-25,22:54:54","Matix Cubix","#0729","Luego de que hagas eso","",""
"2023-04-25,22:55:02","Matix Cubix","#0729","Necesito que hagas algo más complicado","",""
"2023-04-25,22:55:12","Matix Cubix","#0729","Pero que está dentro de vuestras capacidades.","",""
"2023-04-25,22:55:26","Matix Cubix","#0729","Necesito que te infiltres en el palacio real","",""
"2023-04-25,22:56:48","Matix Cubix","#0729","Necesito que infiltres esta mosca","",""
"2023-04-25,22:56:52","Matix Cubix","#0729","A la pieza del Rey","",""
"2023-04-25,22:57:11","Matix Cubix","#0729","De ser posible","",""
"2023-04-25,22:57:22","Matix Cubix","#0729","Meteselo en la oreja","",""
"2023-04-25,22:57:28","Matix Cubix","#0729","Si el plan A no funciona","",""
"2023-04-25,22:57:42","Matix Cubix","#0729","Te voy a pasar un frasco con este hijo mio","",""
"2023-04-25,22:58:42","Matix Cubix","#0729","Necesito que","",""
"2023-04-25,22:58:45","Matix Cubix","#0729","Entre al cuerpo","",""
"2023-04-25,22:58:47","Matix Cubix","#0729","Del rey.","",""
"2023-04-25,22:59:21","Matix Cubix","#0729","Haz esto","",""
"2023-04-25,22:59:26","Matix Cubix","#0729","Y te prometo destruir a los Duergar","",""
"2023-04-25,22:59:32","Matix Cubix","#0729","Evitar que destruyan a los Myconids","",""
"2023-04-25,22:59:44","Matix Cubix","#0729","Y no actives el esferon","",""
"2023-04-25,22:59:55","Matix Cubix","#0729","No es necesario","",""
"2023-04-25,23:00:00","Matix Cubix","#0729","De hecho es más","",""
"2023-04-25,23:00:03","Matix Cubix","#0729","Ignora ese plan.","",""
"2023-04-25,23:00:40","Magdars","#7109","no te interesa el esferón?","",""
"2023-04-25,23:00:53","Matix Cubix","#0729","no","",""
"2023-04-25,23:01:20","Magdars","#7109","por qué los duergar?","",""
"2023-04-25,23:01:33","Matix Cubix","#0729","Sus cerebros","",""
"2023-04-25,23:01:44","Matix Cubix","#0729","Los necesito","",""
"2023-04-25,23:01:51","Matix Cubix","#0729","Y porque se nos escaparon","",""
"2023-04-25,23:01:57","Matix Cubix","#0729","Son nuestra propiedad","",""
"2023-04-25,23:02:07","Matix Cubix","#0729","Y nos han humillado lo suficiente","",""
"2023-04-25,23:02:12","Matix Cubix","#0729","Y se roban mis hijos","",""
"2023-04-25,23:02:15","Matix Cubix","#0729","Y mis creaciones","",""
"2023-04-25,23:02:31","Magdars","#7109","tienes gnomos aquí también..","",""
"2023-04-25,23:02:41","Matix Cubix","#0729","Ah claro","",""
"2023-04-25,23:02:46","Matix Cubix","#0729","De algo tenemos que sobrevivir","",""
"2023-04-25,23:02:59","Matix Cubix","#0729","Tengo muchas bocas que alimentar..","",""
"2023-04-25,23:03:13","Magdars","#7109","habrán más si te ayudo","",""
"2023-04-25,23:03:22","Magdars","#7109","podrías devorar todo el underdark","",""
"2023-04-25,23:03:24","Magdars","#7109","y seguir...","",""
"2023-04-25,23:03:48","Matix Cubix","#0729","Solo es necesario una cierta cantidad de masa critica.","",""
"2023-04-25,23:03:55","Matix Cubix","#0729","Despues de eso","",""
"2023-04-25,23:03:57","Matix Cubix","#0729","Es un desperdicio","",""
"2023-04-25,23:04:06","Matix Cubix","#0729","Una ciudad Duergar es suficiente.","",""
"2023-04-25,23:04:33","Magdars","#7109","hacia dónde irás después?","",""
"2023-04-25,23:04:38","Matix Cubix","#0729","Casa","",""
"2023-04-25,23:04:47","Magdars","#7109","por qué no estás en casa?","",""
"2023-04-25,23:05:19","Matix Cubix","#0729","Porque","",""
"2023-04-25,23:05:31","Matix Cubix","#0729","Nos perdimos","",""
"2023-04-25,23:05:51","Magdars","#7109","qué eres?","",""
"2023-04-25,23:06:00","Magdars","#7109","quién eres","",""
"2023-04-25,23:06:15","Matix Cubix","#0729","Il'lithid","",""
"2023-04-25,23:06:38","Matix Cubix","#0729","Respondo por Azk'rhtulr","",""
"2023-04-25,23:06:59","Magdars","#7109","por qué confías en mí?","",""
"2023-04-25,23:07:03","Matix Cubix","#0729","Los mios somo Ilithid","",""
"2023-04-25,23:07:10","Matix Cubix","#0729","No lo hago.","Magdars#7109",""
"2023-04-25,23:07:31","Matix Cubix","#0729","Si no lo haces no tienes otra forma.","",""
"2023-04-25,23:07:42","Magdars","#7109","qué quieres decir?","",""
"2023-04-25,23:08:07","Matix Cubix","#0729","Sabes que yo se todo de ti","",""
"2023-04-25,23:08:21","Matix Cubix","#0729","Encontrate va a ser trivial","",""
"2023-04-25,23:08:28","Matix Cubix","#0729","No quieres que vuelva a verte","",""
"2023-04-25,23:08:43","Matix Cubix","#0729","Si fallas nos volveremos a ver","",""
"2023-04-25,23:08:49","Matix Cubix","#0729","Te lo prometo","",""
"2023-04-25,23:09:07","Matix Cubix","#0729","Y ademas","",""
"2023-04-25,23:09:13","Matix Cubix","#0729","Sabes que te gusta esta idea...","",""
"2023-04-25,23:09:40","Magdars","#7109","...","",""
"2023-04-25,23:09:50","Magdars","#7109","lo que quieres que vierta en el agua lo beberán más criaturas","",""
"2023-04-25,23:09:52","Magdars","#7109","además de los duergar","",""
"2023-04-25,23:10:01","Matix Cubix","#0729","Claro","",""
"2023-04-25,23:10:08","Matix Cubix","#0729","Daño colateral","",""
"2023-04-25,23:10:12","Matix Cubix","#0729","Inevitable.","",""
"2023-04-25,23:10:17","Matix Cubix","#0729","Igual que tu querído plan","",""
"2023-04-25,23:10:42","Magdars","#7109","a diferencia de mi plan","",""
"2023-04-25,23:10:45","Magdars","#7109","quedaría en el agua","",""
"2023-04-25,23:10:50","Magdars","#7109","quien sabe por cuánto tiempo","",""
"2023-04-25,23:11:01","Matix Cubix","#0729","Ah, no por mucho.","",""
"2023-04-25,23:11:04","Matix Cubix","#0729","No es necesario","",""
"2023-04-25,23:11:07","Matix Cubix","#0729","2 semans","",""
"2023-04-25,23:11:14","Matix Cubix","#0729","quizas 1","",""
"2023-04-25,23:11:25","Matix Cubix","#0729","Te recomiendo tener agua antes","",""
"2023-04-25,23:11:33","Matix Cubix","#0729","y que no bebas del agua","",""
"2023-04-25,23:11:43","Matix Cubix","#0729","Si quieres no hay problema","",""
"2023-04-25,23:11:55","Magdars","#7109","por qué no quieres que active el esferón¨?","",""
"2023-04-25,23:12:10","Matix Cubix","#0729","Demasiado caos","",""
"2023-04-25,23:12:14","Matix Cubix","#0729","Sumamente incierto","",""
"2023-04-25,23:12:17","Matix Cubix","#0729","Plan ineficiente","",""
"2023-04-25,23:12:28","Matix Cubix","#0729","Veo demasiadas aristas que pueden salir mal","",""
"2023-04-25,23:12:51","Magdars","#7109","...","",""
"2023-04-25,23:13:09","Matix Cubix","#0729","Se que eres inferior a mi","",""
"2023-04-25,23:13:13","Matix Cubix","#0729","No te preocupes","",""
"2023-04-25,23:13:15","Matix Cubix","#0729","Me tienes a mi","",""
"2023-04-25,23:13:49","Magdars","#7109","el esferón","",""
"2023-04-25,23:13:51","Magdars","#7109","sabes qué es?","",""
"2023-04-25,23:14:02","Matix Cubix","#0729","Sí","",""
"2023-04-25,23:14:27","Magdars","#7109","sabes dónde están los demás?","",""
"2023-04-25,23:14:37","Matix Cubix","#0729","Es una posibilidad.","",""
"2023-04-25,23:15:42","Matix Cubix","#0729","Se nos está acabando el tiempo","",""
"2023-04-25,23:15:54","Matix Cubix","#0729","Te debo pasar una forja","",""
"2023-04-25,23:16:01","Matix Cubix","#0729","Para que vayas Con Hanso y Greta","",""
"2023-04-25,23:16:12","Matix Cubix","#0729","No es una forja","",""
"2023-04-25,23:16:18","Matix Cubix","#0729","Pero va a hacer ese trabajo","",""
"2023-04-25,23:16:27","Matix Cubix","#0729","Y","",""
"2023-04-25,23:16:31","Matix Cubix","#0729","Parece que tenemos visitas","",""
"2023-04-25,23:19:37","Magdars","#7109","duergar?","",""
"2023-04-25,23:19:52","Matix Cubix","#0729","En efecto","",""
"2023-04-25,23:20:04","Magdars","#7109","...","",""
"2023-04-25,23:20:05","Matix Cubix","#0729","Vienen a perturbar mis queridas criaturas","",""
"2023-04-25,23:20:42","Magdars","#7109","si hago lo que me pides","",""
"2023-04-25,23:20:47","Magdars","#7109","te irás a la ciudad de los duergar?","",""
"2023-04-25,23:20:57","Matix Cubix","#0729","Si y no","",""
"2023-04-25,23:21:03","Matix Cubix","#0729","No me puedo mover fisicamente de aqui","",""
"2023-04-25,23:21:16","Matix Cubix","#0729","Pero podré estar mentalmente allá","",""
"2023-04-25,23:21:29","Magdars","#7109","...","",""
"2023-04-25,23:21:46","Magdars","#7109","hay un dragón en la ciudad","",""
"2023-04-25,23:21:49","Magdars","#7109","qué pretendes hacer con él?","",""
"2023-04-25,23:22:04","Matix Cubix","#0729","Ah, si, era lo ultimo que te queria mencionar de hecho","",""
"2023-04-25,23:22:22","Matix Cubix","#0729","Necesito que se quede ahí","",""
"2023-04-25,23:22:27","Matix Cubix","#0729","Liberarlo sería otro caos","",""
"2023-04-25,23:22:38","Magdars","#7109","qué pretendes hacer con él?","",""
"2023-04-25,23:22:55","Matix Cubix","#0729","Dejarlo ser","",""
"2023-04-25,23:23:03","Matix Cubix","#0729","Quizas usarlo","",""
"2023-04-25,23:23:11","Matix Cubix","#0729","O tomar control eventualmente","",""
"2023-04-25,23:23:28","Matix Cubix","#0729","No me interesa del todo","",""
"2023-04-25,23:23:31","Matix Cubix","#0729","De todas formas","",""
"2023-04-25,23:23:44","Matix Cubix","#0729","Su mente está demasiado adoctrinada","",""
"2023-04-25,23:23:47","Matix Cubix","#0729","Básica.","",""
"2023-04-25,23:24:27","Magdars","#7109","además de lo que me ofreciste","",""
"2023-04-25,23:24:30","Magdars","#7109","tengo tres condiciones","",""
"2023-04-25,23:24:35","Magdars","#7109","y cumpliré lo que me pides","",""
"2023-04-25,23:24:40","Magdars","#7109","no deberían ser difíciles para ti","",""
"2023-04-25,23:24:59","Matix Cubix","#0729","Escuchémoslas...","",""
"2023-04-25,23:25:36","Magdars","#7109","quiero saber dónde están los otros esferones","",""
"2023-04-25,23:25:59","Magdars","#7109","quiero un mapa del underdark, con sus salidas","",""
"2023-04-25,23:26:20","Magdars","#7109","y el dragón...","",""
"2023-04-25,23:26:49","Magdars","#7109","no lo adoctrines","",""
"2023-04-25,23:27:11","Magdars","#7109","imagino que sabes acerca de godaku","",""
"2023-04-25,23:27:28","Magdars","#7109","no me gustaría que se enfade porque su hermano fue poseído","",""
"2023-04-25,23:27:37","Magdars","#7109","eso probablemente también sería un inconveniente para ti","",""
"2023-04-25,23:28:10","Matix Cubix","#0729","Lo ultimo, considéralo, no estoy interesado en ese tal dragon","",""
"2023-04-25,23:28:17","Matix Cubix","#0729","Solo espero que no tome del agua contaminada","",""
"2023-04-25,23:28:23","Matix Cubix","#0729","Lo segundo","",""
"2023-04-25,23:28:28","Matix Cubix","#0729","Te puedo dar un mapa","",""
"2023-04-25,23:28:38","Matix Cubix","#0729","Pero, no creo que lo comprendas","",""
"2023-04-25,23:28:45","Matix Cubix","#0729","o más bien","",""
"2023-04-25,23:28:53","Matix Cubix","#0729","No tenemos intencion de salir a la superficie","",""
"2023-04-25,23:29:09","Matix Cubix","#0729","Y este mapa","",""
"2023-04-25,23:29:12","Matix Cubix","#0729","No es gratís.","",""
"2023-04-25,23:29:26","Matix Cubix","#0729","La verdad es informacion muy privilegiada","",""
"2023-04-25,23:29:44","Matix Cubix","#0729","Lo de los esferones","",""
"2023-04-25,23:29:59","Matix Cubix","#0729","No puedo","",""
"2023-04-25,23:30:02","Matix Cubix","#0729","Es demasiado","",""
"2023-04-25,23:30:10","Magdars","#7109","creí que no te interesaban","",""
"2023-04-25,23:30:48","Matix Cubix","#0729","La verdad no","",""
"2023-04-25,23:31:07","Matix Cubix","#0729","Pero es demasiada informacion para darte","",""
"2023-04-25,23:31:17","Matix Cubix","#0729","Creo que ya es justo que te deje viva","",""
"2023-04-25,23:31:29","Matix Cubix","#0729","La informacion tiene su precio.","",""
"2023-04-25,23:31:34","Matix Cubix","#0729","Si quieres","",""
"2023-04-25,23:31:39","Matix Cubix","#0729","Despues de que hagas tales cosas","",""
"2023-04-25,23:31:43","Matix Cubix","#0729","Puedes volver","",""
"2023-04-25,23:31:46","Matix Cubix","#0729","Y lo discutimos.","",""
"2023-04-25,23:32:00","Magdars","#7109","jajajaja","",""
"2023-04-25,23:32:09","Magdars","#7109","allí sí que no tendrás razón para no devorarme","",""
"2023-04-25,23:32:26","Matix Cubix","#0729","Tambien es cierto","",""
"2023-04-25,23:32:34","Matix Cubix","#0729","A menos que demuestres tu valor","",""
"2023-04-25,23:32:46","Matix Cubix","#0729","O de lo que me puedas servir","",""
"2023-04-25,23:33:09","Magdars","#7109","no tengo interés en servirte","",""
"2023-04-25,23:33:26","Magdars","#7109","esperas que te de una ciudad duergar a cambio de un carruaje y una forja?","",""
"2023-04-25,23:33:32","Magdars","#7109","sé que puedes matarme aquí","",""
"2023-04-25,23:33:39","Magdars","#7109","pero por lo que veo, tú también estás atrapado","",""
"2023-04-25,23:33:41","Magdars","#7109","y estás muriendo","",""
"2023-04-25,23:33:50","Matix Cubix","#0729","Muriendo?","",""
"2023-04-25,23:33:52","Matix Cubix","#0729","Atrapado?","",""
"2023-04-25,23:34:03","Matix Cubix","#0729","jaja, no es equivale a la situacion que te encuentras ahora mismo.","",""
"2023-04-25,23:34:15","Matix Cubix","#0729","Ni por lo más minimo Nia","",""
"2023-04-25,23:34:32","Matix Cubix","#0729","Esto lo hago, por puro que te tengo compasion","",""
"2023-04-25,23:34:58","Matix Cubix","#0729","Y porque creo que, cuando dos personas tienen un mismo enemigo en comun","",""
"2023-04-25,23:35:10","Matix Cubix","#0729","Lo más sensato es una alianza","",""
"2023-04-25,23:35:28","Matix Cubix","#0729","Velo como un negocio de ayudua mutua","",""
"2023-04-25,23:35:44","Matix Cubix","#0729","Ambos ganamos","",""
"2023-04-25,23:35:49","Matix Cubix","#0729","Yo siempre ganaría","",""
"2023-04-25,23:36:06","Matix Cubix","#0729","Pero tu solo me ayudas a hacerlo más expedito","",""
"2023-04-25,23:36:37","Matix Cubix","#0729","Y vamos que la colaboración tambien es algo que en si mismo tiene valor","",""
"2023-04-25,23:36:42","Magdars","#7109","...","",""
"2023-04-25,23:36:44","Magdars","#7109","colaboracón","",""
"2023-04-25,23:36:46","Matix Cubix","#0729","Gracias a ti he aprendido mucho","",""
"2023-04-25,23:36:51","Magdars","#7109","alianza","",""
"2023-04-25,23:36:53","Magdars","#7109","compasión","",""
"2023-04-25,23:37:03","Magdars","#7109","suena a palabras que estrían por debajo de ti","",""
"2023-04-25,23:37:09","Magdars","#7109","para lo que pareces ser","",""
"2023-04-25,23:37:16","Matix Cubix","#0729","Cierto","",""
"2023-04-25,23:37:24","Matix Cubix","#0729","Pero si tengo emociones","",""
"2023-04-25,23:37:32","Matix Cubix","#0729","Yo puedo sentir las tuyas","",""
"2023-04-25,23:37:39","Matix Cubix","#0729","Tienes miedo.","",""
"2023-04-25,23:38:00","Matix Cubix","#0729","Tienes miedo que las cosas salgan de tu control.","",""
"2023-04-25,23:38:05","Matix Cubix","#0729","Y la incerteza","",""
"2023-04-25,23:38:15","Matix Cubix","#0729","Yo estoy previéndote esa certeza","",""
"2023-04-25,23:41:44","Magdars","#7109","realmente","",""
"2023-04-25,23:42:00","Magdars","#7109","lo que vayas a hacer en la ciudad duergar para mí es tan incierto como desestabilizar el esferón","",""
"2023-04-25,23:42:13","Matix Cubix","#0729","Ah","",""
"2023-04-25,23:42:28","Matix Cubix","#0729","Podría sentarme y explicarte en detalle","",""
"2023-04-25,23:42:35","Matix Cubix","#0729","Sería mi gusto","",""
"2023-04-25,23:42:46","Matix Cubix","#0729","En estos momento corremos poco de tiempo","",""
"2023-04-25,23:42:52","Matix Cubix","#0729","Pero dire en pocas palabras.","",""
"2023-04-25,23:43:04","Matix Cubix","#0729","Mis hijos se filtraran en el agua","",""
"2023-04-25,23:43:12","Matix Cubix","#0729","y todo ser vivo que haga contacto con el agua","",""
"2023-04-25,23:43:19","Matix Cubix","#0729","Entrará bajo mi control.","",""
"2023-04-25,23:43:28","Matix Cubix","#0729","Y en particular el Rey","",""
"2023-04-25,23:43:36","Matix Cubix","#0729","Al controlar el Rey","",""
"2023-04-25,23:43:42","Matix Cubix","#0729","Puedo manejar los ejercitos","",""
"2023-04-25,23:43:45","Matix Cubix","#0729","Las personas","",""
"2023-04-25,23:43:48","Matix Cubix","#0729","Los recursos.","",""
"2023-04-25,23:43:56","Matix Cubix","#0729","Paro la esclavitud de los myconid","",""
"2023-04-25,23:44:27","Matix Cubix","#0729","Despues, tengo una fuente inagotable de personas que enviara el rey","",""
"2023-04-25,23:44:34","Matix Cubix","#0729","Voy a ir poco a poco","",""
"2023-04-25,23:44:41","Matix Cubix","#0729","Consumiendo todo los duergar.","",""
"2023-04-25,23:45:04","Magdars","#7109","y para qué es la mosca?","",""
"2023-04-25,23:45:24","Matix Cubix","#0729","Ah, es una versión más potente si quieres","",""
"2023-04-25,23:45:33","Matix Cubix","#0729","Consumira el cerebro del rey","",""
"2023-04-25,23:45:38","Matix Cubix","#0729","Y lo reemplzará","",""
"2023-04-25,23:45:55","Matix Cubix","#0729","poco a poco","",""
"2023-04-25,23:45:59","Matix Cubix","#0729","al igual que las personas.","",""
"2023-04-25,23:46:14","Magdars","#7109","hay algún antídoto para el agua? para nosotros y el dragón","",""
"2023-04-25,23:46:30","Matix Cubix","#0729","si","",""
"2023-04-25,23:46:38","Matix Cubix","#0729","este es","",""
"2023-04-25,23:46:45","Matix Cubix","#0729","pero","",""
"2023-04-25,23:46:49","Matix Cubix","#0729","tiene un precio.","",""
"2023-04-25,23:47:04","Magdars","#7109","cuál","",""
"2023-04-25,23:48:23","Magdars","#7109","solo lo quiero para el dragón","",""
"2023-04-25,23:48:30","Magdars","#7109","como ya dije, podría interferir","",""
"2023-04-25,23:48:42","Magdars","#7109","en tus planes y los míos","",""
"2023-04-25,23:49:12","Avrae","#6944","<@455883637452177429>  :game_die:
**Result**: 1d20 (7) + 5
**Total**: 12","Magdars#7109",""
"2023-04-25,23:49:46","Matix Cubix","#0729","Puedo encaargarme despues si el dragon si llega a contaminar.","",""
"2023-04-25,23:50:02","Magdars","#7109","de ""liberarlo""?","",""
"2023-04-25,23:50:52","Matix Cubix","#0729","No, de evitar que sea contaminado.","",""
"2023-04-25,23:51:17","Matix Cubix","#0729","El precio","",""
"2023-04-25,23:51:19","Matix Cubix","#0729","Nía","",""
"2023-04-25,23:51:24","Matix Cubix","#0729","Es un pelo tuyo","",""
"2023-04-25,23:52:17","Magdars","#7109","no","",""
"2023-04-25,23:52:26","Matix Cubix","#0729","de acuerdo","",""
"2023-04-25,23:52:51","Matix Cubix","#0729","Entonces os recomiendo mover","",""
"2023-04-25,23:53:05","Magdars","#7109","no entiendes","",""
"2023-04-25,23:53:12","Magdars","#7109","no se puede contaminar ese dragón","",""
"2023-04-25,23:53:46","Matix Cubix","#0729","Entiendo perfectamente.","",""
"2023-04-25,23:54:56","Magdars","#7109","no","",""
"2023-04-25,23:55:06","Magdars","#7109","no cumplir tu plan","",""
"2023-04-25,23:55:09","Magdars","#7109","y matar al dragón","",""
"2023-04-25,23:55:14","Magdars","#7109","para mí son realmente lo mismo","",""
"2023-04-25,23:55:34","Magdars","#7109","no tengo quién es más poderoso entre ustedes dos","",""
"2023-04-25,23:55:54","Magdars","#7109","pero realmente, si tú o godaku deciden vengarse porque no cumplí mi palabra","",""
"2023-04-25,23:55:59","Magdars","#7109","estoy igual de muerta","",""
"2023-04-25,23:56:08","Magdars","#7109","no puedo prometerte que no liberaré al dragón","",""
"2023-04-25,23:56:15","Magdars","#7109","si a él le prometí que sí lo haría","",""
"2023-04-25,23:56:28","Matix Cubix","#0729","Bueno, tendrás que elegir.","",""
"2023-04-25,23:56:39","Matix Cubix","#0729","Pero si el liberar el Dragón afecta nuestro plann","",""
"2023-04-25,23:56:49","Matix Cubix","#0729","Entonces la culpa no será mía.","",""
"2023-04-25,23:56:57","Magdars","#7109","será en absoluto tuya","",""
"2023-04-25,23:57:01","Matix Cubix","#0729","Haz lo que quieras con el dragon","",""
"2023-04-25,23:57:01","Magdars","#7109","lo único que tienes que hacer","",""
"2023-04-25,23:57:12","Magdars","#7109","es no consumirlo","",""
"2023-04-25,23:57:23","Matix Cubix","#0729","No estoy interesado","",""
"2023-04-25,23:57:26","Matix Cubix","#0729","En el Dragon","",""
"2023-04-25,23:57:57","Magdars","#7109","no lo contamines entonces","",""
"2023-04-25,23:58:09","Matix Cubix","#0729","Eso lo decides tu","",""
"2023-04-25,23:58:17","Matix Cubix","#0729","O tu veras como","",""
"2023-04-25,23:58:21","Matix Cubix","#0729","Yo creo en ti","",""
"2023-04-25,23:58:29","Matix Cubix","#0729","No quiero perder más tiempo.","",""
"2023-04-25,23:58:39","Matix Cubix","#0729","Mis lacayos","",""
"2023-04-25,23:58:44","Matix Cubix","#0729","Te hicieron un carruaje","",""
"2023-04-25,23:58:50","Matix Cubix","#0729","Ojalá idealmente lo más parecido","",""
"2023-04-25,23:59:01","Matix Cubix","#0729","Está en las afueras","",""
"2023-04-25,23:59:04","Matix Cubix","#0729","Con una forja cargada","",""
"2023-04-25,23:59:15","Matix Cubix","#0729","El unico problema ahora es que los duergar","",""
"2023-04-25,23:59:21","Matix Cubix","#0729","Están dentro de la ciudad","",""
"2023-04-25,23:59:26","Matix Cubix","#0729","Y vienen hacia aquí","",""
"2023-04-25,23:59:34","Matix Cubix","#0729","Por lo que debo actuar.","",""
"2023-04-25,23:59:51","Matix Cubix","#0729","Antes que lleguen un metro más.","",""
